{"coverage": 96.51162790697674, "raw_data": {"meta": {"version": "7.3.2", "timestamp": "2023-11-13T05:34:40.199937", "branch_coverage": false, "show_contexts": false}, "files": {"src/garmin_daily/columns_mapper.py": {"executed_lines": [1, 2, 3, 6, 7, 9, 26, 44, 45, 47, 54, 55, 56, 59, 60, 62, 64, 66, 71, 72, 73, 76, 81, 85, 87, 89, 91], "summary": {"covered_lines": 24, "num_statements": 25, "percent_covered": 96.0, "percent_covered_display": "96", "missing_lines": 1, "excluded_lines": 0}, "missing_lines": [74], "excluded_lines": []}, "src/garmin_daily/garmin_aggregations.py": {"executed_lines": [1, 3, 4, 5, 6, 7, 8, 10, 11, 12, 14, 16, 18, 20, 21, 22, 26, 33, 47, 48, 50, 51, 52, 53, 54, 57, 58, 59, 61, 64, 67, 70, 71, 72, 74, 77, 78, 80, 81, 82, 83, 84, 85, 86, 87, 88, 89, 93, 95, 96, 98, 99, 101, 102, 106, 107, 108, 109, 110, 111, 112, 114, 118, 119, 120, 122, 123, 125, 127, 134, 135, 136, 138, 140, 146, 147, 149, 151, 152, 153, 154, 155, 156, 162, 163, 165, 167, 171, 176, 177, 178, 179, 180, 182, 183, 184, 186, 187, 189, 194, 195, 196, 197, 198, 199, 200, 201, 203, 212, 213, 214, 220, 221, 222, 223, 224, 225, 230, 231, 232, 233, 235, 236, 238, 240, 241, 243, 245, 247, 249, 250, 251, 252, 253, 254, 255, 256, 257, 261, 262, 264, 266, 286, 287, 289, 290, 291, 292, 293, 295, 296, 307, 308, 309, 310, 312, 313, 314, 315, 316, 317, 318, 320, 321, 323, 327, 331, 334, 335, 346, 347, 348, 350, 351, 355, 356, 359, 360, 361, 362, 363, 371, 374, 375, 377, 379, 380, 381, 382, 387, 391, 404], "summary": {"covered_lines": 184, "num_statements": 184, "percent_covered": 100.0, "percent_covered_display": "100", "missing_lines": 0, "excluded_lines": 11}, "missing_lines": [], "excluded_lines": [391, 392, 393, 394, 395, 396, 400, 402, 404, 405, 406]}, "src/garmin_daily/google_sheet.py": {"executed_lines": [1, 2, 3, 4, 5, 6, 7, 8, 10, 11, 12, 13, 15, 16, 17, 19, 22, 23, 25, 29, 31, 32, 33, 36, 43, 46, 48, 51, 52, 61, 75, 84, 93, 103, 111, 123, 124, 125, 127, 128, 130, 132, 133, 134, 135, 137, 138, 153, 163, 164, 166, 167, 168, 169, 170, 171, 172, 173, 174, 175, 182, 185, 186, 188, 189, 190, 193, 194, 203, 222, 224, 227, 228, 229, 231, 232, 233, 234, 237, 238, 239, 243, 247, 253, 258, 259, 260, 261, 262, 266, 267, 268, 269, 270, 274, 275, 276, 277, 278, 279, 280, 283, 289, 290, 291, 292, 296, 297, 298, 301, 302, 305, 313, 314, 315, 324, 360, 363, 368], "summary": {"covered_lines": 116, "num_statements": 127, "percent_covered": 91.33858267716535, "percent_covered_display": "91", "missing_lines": 11, "excluded_lines": 2}, "missing_lines": [148, 187, 199, 200, 246, 293, 294, 295, 299, 300, 365], "excluded_lines": [368, 369]}, "src/garmin_daily/snake_to_camel.py": {"executed_lines": [1, 2, 5, 7, 8, 11, 24, 25, 28], "summary": {"covered_lines": 7, "num_statements": 7, "percent_covered": 100.0, "percent_covered_display": "100", "missing_lines": 0, "excluded_lines": 3}, "missing_lines": [], "excluded_lines": [28, 29, 31]}, "src/garmin_daily/version.py": {"executed_lines": [1], "summary": {"covered_lines": 1, "num_statements": 1, "percent_covered": 100.0, "percent_covered_display": "100", "missing_lines": 0, "excluded_lines": 0}, "missing_lines": [], "excluded_lines": []}}, "totals": {"covered_lines": 332, "num_statements": 344, "percent_covered": 96.51162790697674, "percent_covered_display": "97", "missing_lines": 12, "excluded_lines": 16}}, "coverage_path": "."}