{"coverage": 95.97701149425288, "raw_data": {"meta": {"format": 2, "version": "7.5.1", "timestamp": "2024-05-13T12:54:42.603185", "branch_coverage": false, "show_contexts": false}, "files": {"src/garmin_daily/columns_mapper.py": {"executed_lines": [1, 3, 4, 7, 8, 10, 27, 45, 46, 48, 55, 56, 57, 60, 61, 63, 65, 67, 72, 73, 74, 77, 82, 86, 88, 90, 92], "summary": {"covered_lines": 24, "num_statements": 25, "percent_covered": 96.0, "percent_covered_display": "96", "missing_lines": 1, "excluded_lines": 0}, "missing_lines": [75], "excluded_lines": []}, "src/garmin_daily/garmin_aggregations.py": {"executed_lines": [1, 3, 4, 5, 6, 7, 8, 10, 11, 12, 14, 16, 18, 20, 21, 22, 26, 33, 47, 48, 50, 51, 52, 53, 54, 57, 58, 59, 61, 64, 67, 70, 71, 72, 74, 77, 78, 80, 81, 82, 83, 84, 85, 86, 87, 88, 89, 93, 95, 96, 98, 99, 101, 102, 106, 107, 108, 109, 110, 111, 112, 114, 118, 119, 120, 122, 123, 125, 127, 134, 135, 136, 138, 140, 146, 147, 149, 151, 152, 153, 154, 155, 156, 162, 163, 165, 167, 168, 174, 179, 180, 181, 182, 183, 185, 186, 187, 189, 190, 192, 197, 198, 199, 200, 201, 202, 203, 204, 206, 215, 216, 217, 223, 224, 225, 226, 227, 228, 233, 234, 235, 236, 238, 239, 241, 243, 244, 246, 248, 250, 252, 253, 254, 255, 256, 257, 258, 259, 260, 264, 265, 267, 269, 289, 290, 292, 293, 294, 295, 296, 298, 299, 310, 311, 312, 313, 315, 316, 317, 318, 319, 320, 321, 323, 324, 326, 330, 334, 337, 338, 349, 350, 351, 353, 354, 358, 359, 362, 363, 364, 365, 366, 374, 377, 378, 380, 382, 383, 384, 385, 390, 394, 407], "summary": {"covered_lines": 185, "num_statements": 187, "percent_covered": 98.93048128342247, "percent_covered_display": "99", "missing_lines": 2, "excluded_lines": 11}, "missing_lines": [171, 172], "excluded_lines": [394, 395, 396, 397, 398, 399, 403, 405, 407, 408, 409]}, "src/garmin_daily/google_sheet.py": {"executed_lines": [1, 3, 4, 5, 6, 7, 8, 9, 11, 12, 13, 14, 15, 17, 18, 19, 21, 24, 25, 27, 31, 33, 34, 35, 38, 45, 48, 50, 53, 54, 63, 77, 86, 95, 105, 113, 125, 126, 127, 129, 130, 132, 134, 135, 136, 137, 139, 140, 155, 165, 166, 168, 169, 170, 171, 172, 173, 174, 175, 176, 177, 184, 187, 188, 190, 191, 192, 195, 196, 205, 224, 226, 229, 230, 231, 233, 234, 235, 236, 239, 240, 241, 245, 249, 255, 260, 261, 262, 263, 264, 268, 269, 270, 271, 272, 276, 277, 278, 279, 280, 281, 282, 285, 291, 292, 293, 294, 298, 299, 300, 303, 304, 307, 315, 316, 317, 326, 368, 371, 376], "summary": {"covered_lines": 117, "num_statements": 128, "percent_covered": 91.40625, "percent_covered_display": "91", "missing_lines": 11, "excluded_lines": 2}, "missing_lines": [150, 189, 201, 202, 248, 295, 296, 297, 301, 302, 373], "excluded_lines": [376, 377]}, "src/garmin_daily/snake_to_camel.py": {"executed_lines": [1, 3, 6, 8, 9, 12, 25, 26, 29], "summary": {"covered_lines": 7, "num_statements": 7, "percent_covered": 100.0, "percent_covered_display": "100", "missing_lines": 0, "excluded_lines": 3}, "missing_lines": [], "excluded_lines": [29, 30, 32]}, "src/garmin_daily/version.py": {"executed_lines": [1], "summary": {"covered_lines": 1, "num_statements": 1, "percent_covered": 100.0, "percent_covered_display": "100", "missing_lines": 0, "excluded_lines": 0}, "missing_lines": [], "excluded_lines": []}}, "totals": {"covered_lines": 334, "num_statements": 348, "percent_covered": 95.97701149425288, "percent_covered_display": "96", "missing_lines": 14, "excluded_lines": 16}}, "coverage_path": "."}